Municípios,População 2010,Área da unidade territorial 2015 (km²) 
Abatiá,7764,228.72
Adrianópolis,6376,1349.33
Agudos do Sul,8270,192.26
Almirante Tamandaré,103204,194.74
Altamira do Paraná,4306,386.95
Alto Paraíso,3206,967.77
Alto Paraná,13663,407.72
Alto Piquiri,10179,447.67
Altônia,20516,661.56
Alvorada do Sul,10283,424.25
Amaporã,5443,384.74
Ampére,17308,298.35
Anahy,2874,102.65
Andirá,20610,236.08
Ângulo,2859,106.02
Antonina,18891,882.32
Antônio Olinto,7351,469.62
Apucarana,120919,558.39
Arapongas,104150,382.22
Arapoti,25855,1360.49
Arapuã,3561,217.37
Araruna,13419,493.19
Araucária,119123,469.24
Ariranha do Ivaí,2453,239.56
Assaí,16354,440.35
Assis Chateaubriand,33025,969.59
Astorga,24698,434.79
Atalaia,3913,137.66
Balsa Nova,11300,348.93
Bandeirantes,32184,445.19
Barbosa Ferraz,12656,538.64
Barra do Jacaré,2727,115.72
Barracão,9735,171.4
Bela Vista da Caroba,3945,148.11
Bela Vista do Paraíso,15079,242.69
Bituruna,15880,1214.91
Boa Esperança,4568,307.38
Boa Esperança do Iguaçu,2764,151.8
Boa Ventura de São Roque,6554,622.18
Boa Vista da Aparecida,7911,256.3
Bocaiúva do Sul,10987,826.34
Bom Jesus do Sul,3796,173.82
Bom Sucesso,6561,322.76
Bom Sucesso do Sul,3293,195.93
Borrazópolis,7878,334.38
Braganey,5735,343.32
Brasilândia do Sul,3209,291.04
Cafeara,2695,185.8
Cafelândia,14662,271.72
Cafezal do Sul,4290,335.39
Califórnia,8069,141.82
Cambará,23886,366.17
Cambé,96733,495.38
Cambira,7236,163.39
Campina da Lagoa,15394,796.61
Campina do Simão,4076,448.42
Campina Grande do Sul,38769,539.25
Campo Bonito,4407,433.83
Campo do Tenente,7125,304.49
Campo Largo,112377,1243.55
Campo Magro,24843,275.35
Campo Mourão,87194,757.88
Cândido de Abreu,16655,1510.16
Candói,14983,1512.79
Cantagalo,12952,583.54
Capanema,18526,419.04
Capitão Leônidas Marques,14970,275.75
Carambeí,19163,649.68
Carlópolis,13706,451.42
Cascavel,286205,2100.83
Castro,67084,2531.5
Catanduvas,10202,581.76
Centenário do Sul,11190,371.83
Cerro Azul,16938,1341.19
Céu Azul,11032,1179.45
Chopinzinho,19679,959.69
Cianorte,69958,811.67
Cidade Gaúcha,11062,403.05
Clevelândia,17240,703.64
Colombo,212967,197.79
Colorado,22345,403.26
Congonhinhas,8279,535.96
Conselheiro Mairinck,3636,204.71
Contenda,15891,299.04
Corbélia,16312,529.38
Cornélio Procópio,46928,635.1
Coronel Domingos Soares,7238,1576.22
Coronel Vivida,21749,684.42
Corumbataí do Sul,4002,164.34
Cruz Machado,18040,1478.35
Cruzeiro do Iguaçu,4278,161.86
Cruzeiro do Oeste,20416,779.22
Cruzeiro do Sul,4563,259.1
Cruzmaltina,3162,312.3
Curitiba,1751907,435.04
Curiúva,13923,576.26
Diamante do Norte,5516,242.89
Diamante do Sul,3510,359.95
Diamante d`Oeste,5027,309.11
Dois Vizinhos,36179,418.65
Douradina,7445,419.85
Doutor Camargo,5828,118.28
Doutor Ulysses,5727,781.45
Enéas Marques,6103,192.2
Engenheiro Beltrão,13906,467.47
Entre Rios do Oeste,3926,122.07
Esperança Nova,1970,138.56
Espigão Alto do Iguaçu,4677,326.44
Farol,3472,289.23
Faxinal,16314,715.94
Fazenda Rio Grande,81675,116.68
Fênix,4802,234.1
Fernandes Pinheiro,5932,406.5
Figueira,8293,129.77
Flor da Serra do Sul,4726,238.91
Floraí,5050,191.13
Floresta,5931,158.23
Florestópolis,11222,246.33
Flórida,2543,83.05
Formosa do Oeste,7541,275.71
Foz do Iguaçu,256088,618.35
Foz do Jordão,5420,235.38
Francisco Alves,6418,321.9
Francisco Beltrão,78943,735.11
General Carneiro,13669,1071.18
Godoy Moreira,3337,131.01
Goioerê,29018,564.16
Goioxim,7503,702.47
Grandes Rios,6625,314.2
Guaíra,30704,560.49
Guairaçá,6197,493.94
Guamiranga,7900,244.8
Guapirama,3891,189.1
Guaporema,2219,201.15
Guaraci,5227,211.68
Guaraniaçu,14582,1225.61
Guarapuava,167328,3178.65
Guaraqueçaba,7871,2020.09
Guaratuba,32095,1326.79
Honório Serpa,5955,502.24
Ibaiti,28751,897.74
Ibema,6066,145.45
Ibiporã,48198,297.74
Icaraíma,8839,675.24
Iguaraçu,3982,164.98
Iguatu,2234,106.94
Imbaú,11274,330.7
Imbituva,28455,756.54
Inácio Martins,10943,936.21
Inajá,2988,194.7
Indianópolis,4299,122.62
Ipiranga,14150,927.09
Iporã,14981,647.89
Iracema do Oeste,2578,81.54
Irati,56207,999.52
Iretama,10622,570.46
Itaguajé,4568,190.37
Itaipulândia,9026,331.29
Itambaracá,6759,207.34
Itambé,5979,243.82
Itapejara d`Oeste,10531,254.01
Itaperuçu,23887,320.58
Itaúna do Sul,3583,128.87
Ivaí,12815,607.85
Ivaiporã,31816,431.5
Ivaté,7514,410.91
Ivatuba,3010,96.66
Jaboti,4902,139.28
Jacarezinho,39121,602.53
Jaguapitã,12225,475
Jaguariaíva,32606,1453.07
Jandaia do Sul,20269,187.6
Janiópolis,6532,335.65
Japira,4903,188.29
Japurá,8549,165.19
Jardim Alegre,12324,410.48
Jardim Olinda,1409,128.52
Jataizinho,11875,159.18
Jesuítas,9001,247.5
Joaquim Távora,10736,289.17
Jundiaí do Sul,3433,320.82
Juranda,7641,349.72
Jussara,6610,210.87
Kaloré,4506,193.3
Lapa,44932,2093.86
Laranjal,6360,559.44
Laranjeiras do Sul,30777,672.08
Leópolis,4145,344.92
Lidianópolis,3973,154.36
Lindoeste,5361,361.37
Loanda,21201,722.5
Lobato,4401,240.9
Londrina,506701,1652.57
Luiziana,7315,908.6
Lunardelli,5160,199.21
Lupionópolis,4592,121.07
Mallet,12973,723.02
Mamborê,13961,788.06
Mandaguaçu,19781,294.02
Mandaguari,32658,335.81
Mandirituba,22220,379.18
Manfrinópolis,3127,216.42
Mangueirinha,17048,1055.46
Manoel Ribas,13169,571.14
Marechal Cândido Rondon,46819,748
Maria Helena,5956,486.22
Marialva,31959,475.56
Marilândia do Sul,8863,384.42
Marilena,6858,232.36
Mariluz,10224,433.17
Maringá,357077,487.05
Mariópolis,6268,230.37
Maripá,5684,283.79
Marmeleiro,13900,387.38
Marquinho,4981,511.15
Marumbi,4603,208.47
Matelândia,16078,639.75
Matinhos,29428,117.74
Mato Rico,3818,394.53
Mauá da Serra,8555,108.32
Medianeira,41817,328.73
Mercedes,5046,200.86
Mirador,2327,221.71
Miraselva,1862,90.29
Missal,10474,324.4
Moreira Sales,12606,353.77
Morretes,15718,684.58
Munhoz de Melo,3672,137.02
Nossa Senhora das Graças,3836,185.77
Nova Aliança do Ivaí,1431,131.27
Nova América da Colina,3478,129.48
Nova Aurora,11866,474.01
Nova Cantu,7425,555.49
Nova Esperança,26615,401.59
Nova Esperança do Sudoeste,5098,208.47
Nova Fátima,8147,283.42
Nova Laranjeiras,11241,1210.21
Nova Londrina,13067,269.39
Nova Olímpia,5503,136.35
Nova Prata do Iguaçu,10377,352.57
Nova Santa Bárbara,3908,71.76
Nova Santa Rosa,7626,204.67
Nova Tebas,7398,545.69
Novo Itacolomi,2827,161.41
Ortigueira,23380,2429.56
Ourizona,3380,176.46
Ouro Verde do Oeste,5692,293.04
Paiçandu,35936,171.38
Palmas,42888,1557.9
Palmeira,32123,1470.07
Palmital,14865,817.65
Palotina,28683,651.24
Paraíso do Norte,11772,204.56
Paranacity,10250,348.63
Paranaguá,140469,826.67
Paranapoema,2791,175.88
Paranavaí,81590,1202.27
Pato Bragado,4822,135.29
Pato Branco,72370,539.09
Paula Freitas,5434,421.41
Paulo Frontin,6913,369.86
Peabiru,13624,468.6
Perobal,5653,407.58
Pérola,10208,240.64
Pérola d`Oeste,6761,205.28
Piên,11236,254.79
Pinhais,117008,60.87
Pinhal de São Bento,2625,97.46
Pinhalão,6215,220.63
Pinhão,30208,2001.59
Piraí do Sul,23424,1403.07
Piraquara,93207,227.04
Pitanga,32638,1663.75
Pitangueiras,2814,123.23
Planaltina do Paraná,4095,356.19
Planalto,13654,346.24
Ponta Grossa,311611,2054.73
Pontal do Paraná,20920,199.85
Porecatu,14189,291.66
Porto Amazonas,4514,186.58
Porto Barreiro,3663,361.02
Porto Rico,2530,217.68
Porto Vitória,4020,213.01
Prado Ferreira,3434,153.4
Pranchita,5628,226.14
Presidente Castelo Branco,4784,155.73
Primeiro de Maio,10832,414.44
Prudentópolis,48792,2236.58
Quarto Centenário,4856,321.88
Quatiguá,7045,112.69
Quatro Barras,19851,180.47
Quatro Pontes,3803,114.39
Quedas do Iguaçu,30605,821.5
Querência do Norte,11729,914.76
Quinta do Sol,5088,326.18
Quitandinha,17089,447.02
Ramilândia,4134,237.2
Rancho Alegre,3955,167.65
Rancho Alegre d`Oeste,2847,241.39
Realeza,16338,353.42
Rebouças,14176,481.84
Renascença,6812,425.27
Reserva,25172,1635.52
Reserva do Iguaçu,7307,834.23
Ribeirão Claro,10678,629.22
Ribeirão do Pinhal,13524,374.73
Rio Azul,14093,629.75
Rio Bom,3334,177.84
Rio Bonito do Iguaçu,13661,681.41
Rio Branco do Ivaí,3898,382.33
Rio Branco do Sul,30650,812.29
Rio Negro,31274,604.14
Rolândia,57862,459.02
Roncador,11537,742.12
Rondon,8996,555.13
Rosário do Ivaí,5588,371.25
Sabáudia,6096,190.33
Salgado Filho,4403,189.32
Salto do Itararé,5178,200.52
Salto do Lontra,13689,312.72
Santa Amélia,3803,78.05
Santa Cecília do Pavão,3646,110.2
Santa Cruz de Monte Castelo,8092,442.01
Santa Fé,10432,276.24
Santa Helena,23413,758.23
Santa Inês,1818,138.48
Santa Isabel do Ivaí,8760,349.5
Santa Izabel do Oeste,13132,321.18
Santa Lúcia,3925,116.86
Santa Maria do Oeste,11500,847.14
Santa Mariana,12435,427.19
Santa Mônica,3571,259.96
Santa Tereza do Oeste,10332,326.19
Santa Terezinha de Itaipu,20841,259.39
Santana do Itararé,5249,251.27
Santo Antônio da Platina,42707,721.47
Santo Antônio do Caiuá,2727,219.07
Santo Antônio do Paraíso,2408,165.9
Santo Antônio do Sudoeste,18893,325.65
Santo Inácio,5269,306.87
São Carlos do Ivaí,6354,225.08
São Jerônimo da Serra,11337,823.77
São João,10599,388.06
São João do Caiuá,5911,304.41
São João do Ivaí,11525,353.33
São João do Triunfo,13704,720.41
São Jorge do Ivaí,5517,315.09
São Jorge do Patrocínio,6041,404.69
São Jorge d`Oeste,9085,379.55
São José da Boa Vista,6511,399.67
São José das Palmeiras,3830,182.42
São José dos Pinhais,264210,946.44
São Manoel do Paraná,2098,95.38
São Mateus do Sul,41257,1341.71
São Miguel do Iguaçu,25769,851.92
São Pedro do Iguaçu,6491,308.32
São Pedro do Ivaí,10167,322.69
São Pedro do Paraná,2491,250.65
São Sebastião da Amoreira,8626,227.98
São Tomé,5349,218.62
Sapopema,6736,677.61
Sarandi,82847,103.46
Saudade do Iguaçu,5028,152.09
Sengés,18414,1437.37
Serranópolis do Iguaçu,4568,482.39
Sertaneja,5817,444.49
Sertanópolis,15638,505.53
Siqueira Campos,18454,278.04
Sulina,3394,170.76
Tamarana,12262,472.16
Tamboara,4664,193.35
Tapejara,14598,591.4
Tapira,5836,434.37
Teixeira Soares,10283,902.79
Telêmaco Borba,69872,1382.86
Terra Boa,15776,320.85
Terra Rica,15221,700.6
Terra Roxa,16759,800.81
Tibagi,19344,2951.57
Tijucas do Sul,14537,671.89
Toledo,119313,1197
Tomazina,8791,591.44
Três Barras do Paraná,11824,504.17
Tunas do Paraná,6256,668.48
Tuneiras do Oeste,8695,698.87
Tupãssi,7997,310.91
Turvo,13811,926.77
Ubiratã,21558,652.58
Umuarama,100676,1232.77
União da Vitória,52735,720
Uniflor,2466,94.82
Uraí,11472,237.81
Ventania,9957,759.37
Vera Cruz do Oeste,8973,327.09
Verê,7878,311.8
Virmond,3950,243.17
Vitorino,6513,308.22
Wenceslau Braz,19298,397.92
Xambrê,6012,359.71
